StartX	StartY	EndX	EndY	DiffX	DiffY	Distance	MaxVelocityX	MaxVelocityY	AvgVelocityX	AvgVelocityY	STDVelocityX	STDVelocityY	SampleTime	Accel_KurtX	KurtY	KurtZ	KurtM	MeanX	MeanY	MeanZ	MeanM	SkewX	SkewY	SkewZ	SkewM	STDX	STDY	STDZ	STDM	VarX	VarY	VarZ	VarM	HPF_KurtX	KurtY	KurtZ	KurtM	MeanX	MeanY	MeanZ	MeanM	SkewX	SkewY	SkewZ	SkewM	STDX	STDY	STDZ	STDM	VarX	VarY	VarZ	VarM	LPF_KurtX	KurtY	KurtZ	KurtM	MeanX	MeanY	MeanZ	MeanM	SkewX	SkewY	SkewZ	SkewM	STDX	STDY	STDZ	STDM	VarX	VarY	VarZ	VarM	Gravity_KurtX	KurtY	KurtZ	KurtM	MeanX	MeanY	MeanZ	MeanM	SkewX	SkewY	SkewZ	SkewM	STDX	STDY	STDZ	STDM	VarX	VarY	VarZ	VarM	Magnet_KurtX	KurtY	KurtZ	KurtM	MeanX	MeanY	MeanZ	MeanM	SkewX	SkewY	SkewZ	SkewM	STDX	STDY	STDZ	STDM	VarX	VarY	VarZ	VarM	Gyro_KurtX	KurtY	KurtZ	KurtM	MeanX	MeanY	MeanZ	MeanM	SkewX	SkewY	SkewZ	SkewM	STDX	STDY	STDZ	STDM	VarX	VarY	VarZ	VarM
481.28	404.27	845.21	311.36	363.94	92.913	375.61	2647.8	2479.8	99.213	13.647	407.16	795.75	3121	0.30951	-0.0070113	1.8664	1.9667	0.16018	0.073469	10.319	10.32	0.23678	-0.09378	0.55345	0.57435	0.042141	0.052286	0.040913	0.040964	0.0017759	0.0027338	0.0016739	0.001678	0.025679	5.395	1.8533	0.66536	0.31337	-0.018735	0.51435	0.61329	-0.18554	1.3838	0.54926	0.32571	0.077486	0.096246	0.040823	0.062106	0.0060041	0.0092632	0.0016665	0.0038572	-0.64253	8.5698	1.8465	1.9865	-0.090522	0.088457	9.9073	9.9085	-0.28022	-2.526	0.52245	0.57229	0.058037	0.066759	0.0084044	0.0081788	0.0033683	0.0044567	0.0000706	0.0000669	-0.69703	7.7769	0.46604	-0.10067	-0.15322	0.087726	9.8044	9.8067	-0.24824	-2.522	-1.0505	-0.14641	0.071272	0.084674	0.0017449	0.000000723	0.0050797	0.0071697	0.00000304	5.22E-13	8.7469	0.33045	0.14736	9.5089	0.0084259	-0.003435	-0.012189	0.017104	1.5132	0.030692	-0.067197	1.5615	0.0059365	0.0056145	0.0043034	0.0048983	0.0000352	0.0000315	0.0000185	0.000024	1.5487	3.1679	0.45913	-0.073173	-14.032	-0.2616	-35.177	37.875	-0.10751	1.1065	0.61761	-0.42495	0.265	0.23861	0.26363	0.27646	0.070226	0.056937	0.069503	0.076432
437.91	422.03	773.3	344.28	335.38	77.752	344.28	1345.9	2867.3	110.32	8.5091	414.62	996.5	2771	-0.37308	-0.55935	-0.30637	-0.61198	0.045814	4.3541	9.4448	10.416	-0.58337	-0.22712	0.13238	0.014657	0.4386	0.34916	0.37877	0.361	0.19237	0.12191	0.14347	0.13032	2.3037	7.4043	-0.54835	8.9527	0.3412	0.4836	0.48966	1.0895	-1.3686	2.6273	-0.016277	2.875	0.32192	0.93331	0.44449	0.75683	0.10363	0.87106	0.19757	0.5728	-0.57926	10.723	4.3416	-0.66193	-0.22715	3.9672	9.0531	9.9184	-0.70972	-3.3215	1.9522	0.056446	0.3126	0.70165	0.20622	0.075776	0.09772	0.49231	0.042528	0.0057419	-0.81514	9.5509	5.3282	-0.35306	-0.30624	3.8598	8.9573	9.8067	-0.70036	-3.2049	2.4238	-0.18027	0.31047	0.88973	0.24419	0.00000078	0.096389	0.79162	0.059629	6.09E-13	0.53654	0.58468	0.26214	3.2913	-0.0028727	-0.038844	0.010365	0.12792	0.16432	-0.65549	-0.31016	1.5812	0.044331	0.11206	0.076627	0.075005	0.0019653	0.012558	0.0058717	0.0056258	-1.4032	11.347	0.4073	7.4637	-13.66	-19.537	-35.202	42.696	0.39472	3.4534	0.32842	-2.8456	1.572	3.8017	0.29776	1.2042	2.4713	14.453	0.088661	1.45
473.72	443.8	901.49	338.79	427.77	105.01	440.47	2499.9	2461.7	135.74	16.98	618.46	1076.2	2729	-0.042883	-0.23436	4.7313	3.0068	0.31337	3.7553	9.7254	10.443	-0.28718	0.0732	1.5506	1.277	0.30095	0.38255	0.51137	0.47728	0.090572	0.14634	0.2615	0.22779	-0.1518	31.14	88.269	124.21	0.28726	0.28617	0.59904	0.90816	0.14232	3.4805	7.7114	9.7863	0.23777	0.48395	0.80873	0.80126	0.056532	0.23421	0.65404	0.64201	-0.91548	144.53	212.89	220.7	0.083556	3.5263	9.2462	9.8984	-0.40175	-10.594	-14.193	-14.589	0.18236	0.18902	0.48129	0.50613	0.033255	0.03573	0.23164	0.25617	-1.1239	16.566	18.434	-0.33669	0.030868	3.4857	9.1643	9.8067	-0.44175	3.0581	-3.2938	-0.1827	0.17423	0.063146	0.024686	0.000000764	0.030355	0.0039874	0.0006094	5.84E-13	0.48968	0.11525	0.18158	1.7032	0.0033491	-0.021525	-0.0011834	0.14217	-0.47031	-0.060932	-0.57823	1.2271	0.042671	0.12444	0.086739	0.071073	0.0018208	0.015484	0.0075237	0.0050513	-0.99379	9.8602	0.72572	0.24471	-15.198	-18.053	-35.72	42.823	0.51991	-2.6854	-0.089551	-0.33187	0.82517	0.38479	0.48135	0.28442	0.68091	0.14806	0.23169	0.080895
452.96	406.39	808.99	375.72	356.03	30.676	357.35	2769.4	2677.1	129.8	31.299	541.72	1116.9	2495	-0.83614	-0.43701	2.3933	2.5491	-3.1605	1.146	9.7354	10.31	-0.051139	-0.0020422	0.52276	0.57102	0.27062	0.34537	0.43383	0.39811	0.073234	0.11928	0.1882	0.15849	5.9112	3.4407	2.3397	6.1289	-0.16333	0.0071443	0.51239	0.99153	-2.5631	-1.7498	0.25079	2.5004	0.85864	0.59992	0.44647	0.77422	0.73726	0.3599	0.19934	0.59942	7.6678	9.4058	0.74449	2.3424	-3.0299	1.1403	9.3255	9.8979	2.8107	2.9951	0.56026	0.51987	0.61336	0.38074	0.10953	0.081381	0.3762	0.14496	0.011996	0.0066229	7.4206	9.0445	1.5848	0.10547	-2.997	1.1399	9.223	9.8067	2.8397	3.0596	1.2446	-0.12119	0.77175	0.47285	0.088556	0.000000814	0.5956	0.22359	0.0078421	6.63E-13	4.2764	6.1764	-0.15047	10.133	0.013296	-0.041778	-0.00023516	0.12605	-1.1321	-1.3634	0.052813	2.7522	0.086309	0.089875	0.066183	0.076861	0.0074493	0.0080776	0.0043801	0.0059076	9.6141	12.46	9.4551	16.141	-1.2655	-6.9144	-38.373	39.165	-2.915	-3.507	2.8389	3.5949	2.7197	2.1448	0.60245	0.49853	7.397	4.6003	0.36294	0.24853
493.43	412.35	844.92	337.61	351.49	74.744	359.35	2600	2214.1	120.61	14.152	460.8	782.92	2690	5.3127	0.15024	9.5957	10.379	-1.41	0.35744	10.215	10.324	-1.2482	0.31138	1.5541	1.7136	0.20265	0.26492	0.3983	0.40039	0.041067	0.070183	0.15864	0.16031	33.356	0.36485	108.71	135.13	0.36248	0.066461	0.62124	0.84482	-3.1152	0.49768	8.8788	10.457	0.3205	0.24141	0.70468	0.68174	0.10272	0.058279	0.49657	0.46478	9.5181	0.87399	217.64	221.28	-1.7	0.30427	9.7182	9.8736	-1.4939	0.44796	-14.519	-14.697	0.2136	0.1345	0.52409	0.52681	0.045624	0.01809	0.27468	0.27753	7.1512	3.6416	12.182	-0.18979	-1.7875	0.29468	9.6338	9.8067	-2.665	1.0414	-3.3658	-0.25884	0.24296	0.13097	0.055945	0.000000752	0.05903	0.017152	0.0031298	5.66E-13	0.70605	8.5093	0.62638	11.266	0.018387	-0.0073157	0.00086965	0.094078	-0.57348	-1.2662	0.54978	2.328	0.068301	0.060791	0.05175	0.050622	0.004665	0.0036956	0.002678	0.0025626	11.875	7.4524	6.7001	6.7635	-6.1091	-2.8989	-36.382	37.02	3.2794	-2.2177	-2.2402	2.1711	0.82789	0.66868	0.41094	0.37578	0.6854	0.44713	0.16887	0.14121
424.88	365.51	906.03	301.33	481.16	64.184	485.42	3505.3	2278.3	142.54	28.277	573.53	880.25	2896	10.783	3.8371	7.2181	4.6144	-8.3653	0.26642	5.2879	9.9116	1.7207	0.62456	2.2366	1.6042	0.2292	0.2317	0.47786	0.32269	0.052533	0.053684	0.22835	0.10413	7.6955	-0.99603	4.3856	7.672	-0.070932	0.058212	0.5007	1.6894	-2.9516	-0.077727	-2.2802	2.929	1.5072	0.43545	1.516	1.4674	2.2715	0.18961	2.2982	2.1531	9.0028	-1.3393	5.1601	5.3871	-8.3085	0.21985	4.8874	9.7873	3.1371	-0.23811	2.4747	-1.8482	1.2136	0.39765	1.1047	0.11947	1.4729	0.15813	1.2203	0.014274	10.226	-1.3705	6.0956	-0.40069	-8.3457	0.21157	4.7351	9.8067	3.3232	-0.27161	2.6679	0.0049017	1.443	0.46293	1.3285	0.000000866	2.0824	0.2143	1.765	7.5E-13	5.9507	23.989	0.68342	21.958	-0.00025306	-0.049306	-0.003182	0.098725	-1.762	-4.5883	0.1539	4.4959	0.085674	0.11822	0.034258	0.12317	0.00734	0.013976	0.0011736	0.01517	15.058	12.916	14.613	10.133	25.142	3.4663	-23.311	34.954	-3.929	-3.4103	-3.7064	-3.2444	5.4292	1.1337	2.175	1.032	29.477	1.2852	4.7305	1.0651
478.5	383.62	868.87	324.57	390.37	59.052	394.81	3125.2	2087.6	146.67	19.14	595.13	914.96	2546	0.077274	-0.21544	4.5489	4.0171	3.3872	0.2026	9.8614	10.444	-0.16317	0.14214	0.86829	0.77846	0.2198	0.4683	0.53741	0.49394	0.048314	0.21931	0.28881	0.24398	23.442	0.80683	3.6366	1.8279	0.012089	-1.1544	0.79782	1.6399	4.4492	0.27154	0.65048	1.1093	0.63544	0.72075	0.54741	0.7067	0.40379	0.51948	0.29966	0.49942	19.044	-1.3849	3.4103	4.3484	3.3775	1.1261	9.2232	9.9136	-4.1275	0.094176	1.5991	0.82544	0.52175	0.50083	0.16399	0.097193	0.27222	0.25083	0.026894	0.0094464	20.43	-1.4133	6.6006	-0.50031	3.3633	1.3359	9.0677	9.8067	-4.3609	0.15206	2.3262	0.01942	0.69894	0.58507	0.14847	0.000000895	0.48851	0.34231	0.022043	8.01E-13	2.2898	6.2649	2.4276	9.0928	-0.016063	-0.022264	-0.0058195	0.12196	-0.91277	-0.69785	1.0285	2.7692	0.078794	0.10137	0.081299	0.094742	0.0062084	0.010277	0.0066096	0.0089761	2.9711	0.5325	-0.0056009	3.4148	-26.277	-4.9187	-29.23	39.618	-0.93406	-0.35433	0.11582	1.1672	0.70454	0.23537	0.28453	0.35865	0.49637	0.055397	0.080958	0.12863
322.93	399.32	707.76	348.05	384.82	51.265	388.22	2511.8	2291.1	125.87	14.027	503.12	924.66	2642	142.48	70.312	0.65229	59.791	0.17475	0.045687	10.326	10.332	11.589	-6.9216	0.21892	6.0606	0.2778	0.081456	0.039225	0.060836	0.077174	0.006635	0.0015386	0.0037011	8.9215	1.9397	161.8	68.489	-0.35395	0.43834	0.62926	0.99501	-1.2812	-0.6146	12.577	7.1393	0.74579	0.27452	0.75483	0.96076	0.55621	0.075361	0.56977	0.92306	8.002	-0.82076	161.36	169.65	0.45791	-0.30498	9.8229	9.858	2.9524	-0.1195	-12.555	-13.018	0.57873	0.19353	0.60672	0.592	0.33492	0.037454	0.3681	0.35047	6.7821	-0.61329	12.108	-0.18857	0.54269	-0.39707	9.7528	9.8067	2.7852	-0.062025	-3.4896	-0.21353	0.7275	0.24065	0.11995	0.000000912	0.52926	0.057911	0.014387	8.31E-13	-0.10343	0.39217	-0.27843	0.094996	0.0086578	-0.0039772	-0.012667	0.017319	0.034626	0.079197	-0.15891	0.13385	0.0044506	0.005352	0.0038354	0.0037853	0.0000198	0.0000286	0.0000147	0.0000143	18.133	17.625	-0.3839	19.178	-12.932	4.5596	-29.696	32.804	-4.2481	-4.177	0.4854	4.1288	2.2463	1.4487	0.32432	0.99581	5.0458	2.0986	0.10518	0.99163
502.99	405.45	878.72	392.41	375.73	13.037	375.96	2065.2	2127.3	116.21	13.925	449.63	815.24	2867	-0.66351	-0.13255	6.0823	6.0876	0.13549	0.052074	10.328	10.329	-0.20132	-0.044502	1.1825	1.1819	0.027758	0.041165	0.034665	0.03457	0.00077049	0.0016945	0.0012017	0.0011951	1.4529	1.7643	6.1353	4.372	-0.15052	0.078396	0.52556	0.55773	0.35549	1.1449	1.1728	0.94546	0.041335	0.067269	0.034571	0.036668	0.0017086	0.0045251	0.0011952	0.0013445	1.4887	5.3763	5.7032	5.9384	0.25591	-0.010643	9.9074	9.9108	-0.80465	-2.2909	1.1902	1.1718	0.023421	0.04189	0.0070562	0.0069422	0.00054855	0.0017548	0.0000498	0.0000482	1.1635	5.1937	1.5367	-0.36341	0.28591	-0.024455	9.8023	9.8067	-0.70774	-1.8993	-0.81319	-0.29669	0.028528	0.049435	0.00093362	0.000000816	0.00081386	0.0024438	0.000000872	6.65E-13	0.70051	0.93529	-0.22847	0.68341	0.0082449	-0.0025917	-0.012182	0.016494	-0.1112	-0.35458	-0.11622	0.22561	0.004267	0.0056169	0.0039757	0.0040636	0.0000182	0.0000315	0.0000158	0.0000165	-0.41421	-0.53717	0.95883	1.0632	-13.179	4.836	-30.573	33.644	0.5915	0.11021	-0.92404	0.75825	0.25847	0.1718	0.2937	0.28908	0.066808	0.029515	0.086261	0.083567
368.42	418.02	823.68	357.96	455.26	60.055	459.2	6891.8	2461.3	177.24	19.211	727.1	1101.3	2893	28.096	-0.37345	0.20737	0.13096	-2.7493	-0.024708	9.9035	10.288	3.4786	0.0056296	0.33408	0.31824	0.31687	0.31631	0.4311	0.42532	0.1004	0.10005	0.18585	0.18089	-0.22675	-0.10217	39.64	22.17	1.008	-1.5026	1.1648	2.6852	-0.64579	0.79276	3.9863	2.172	1.3999	0.75674	0.91421	0.88186	1.9596	0.57265	0.83579	0.77768	-0.49239	0.33622	55.323	235.36	-3.5557	1.1774	8.9717	9.8136	0.48807	-1.1168	-5.1368	-15.111	1.1929	0.46783	0.63394	0.49918	1.4231	0.21887	0.40187	0.24918	-0.43218	0.37425	-1.287	-0.69947	-3.7459	1.4832	8.7838	9.8067	0.51603	-1.151	0.044037	-0.012685	1.4538	0.60423	0.55671	0.000000872	2.1137	0.36509	0.30993	7.6E-13	3.8219	4.2717	1.2803	12.027	-0.019891	-0.035517	-0.0023061	0.10896	-1.3146	-1.2029	-0.56508	2.9532	0.075201	0.087712	0.043802	0.070976	0.0056551	0.0076935	0.0019186	0.0050376	15.124	3.6264	2.8561	7.5796	13.46	2.9222	-33.018	36.071	-3.9247	1.1022	1.4379	-2.8951	4.6763	0.54818	0.66467	1.1137	21.868	0.3005	0.44179	1.2403
431.72	402.56	901.85	363.39	470.13	39.171	471.75	3221.4	2964.4	139.16	47.188	610.43	1093.6	2610	-0.37574	-0.22757	-0.28723	-0.31523	-1.9513	0.053706	10.132	10.328	-0.29518	0.4192	0.24304	0.18132	0.25228	0.37423	0.32752	0.33596	0.063645	0.14005	0.10727	0.11287	0.94065	-0.26297	149.79	163.13	-0.83228	-0.75906	0.47191	1.3559	0.2693	0.17629	11.071	11.768	0.33044	0.3848	0.74669	0.68299	0.10919	0.14807	0.55755	0.46648	2.5457	0.57873	215.23	219.57	-1.2855	0.66095	9.7544	9.8649	-1.3561	0.60896	-14.481	-14.696	0.23	0.17023	0.51592	0.5179	0.052898	0.028977	0.26618	0.26822	2.4395	1.0465	3.3164	-0.33568	-1.13	0.82242	9.7013	9.8067	-1.7833	1.3378	-1.9904	-0.2464	0.26233	0.17372	0.05281	0.000000783	0.068816	0.030179	0.0027888	6.12E-13	0.78549	-0.10145	0.51346	0.60185	-0.0019661	-0.020386	0.014049	0.12229	-0.2388	-0.35574	0.59259	0.99977	0.073833	0.08972	0.072892	0.066663	0.0054513	0.0080497	0.0053132	0.0044439	-0.64851	1.4204	9.5202	13.061	13.338	4.963	-36.215	38.917	0.48547	-0.86176	2.6054	-3.2419	0.5072	0.45222	0.48573	0.41748	0.25725	0.2045	0.23594	0.17429
351.72	460.96	698.32	393.83	346.59	67.134	353.03	2534.6	2132.5	115.7	4.2032	500.35	926.91	2745	1.1696	47.921	0.94917	-0.13195	-0.97633	-4.8436	9.0912	10.364	-0.33255	4.6235	0.63531	0.18642	0.15748	0.55356	0.3636	0.33077	0.024801	0.30643	0.13221	0.10941	7.4818	7.9018	108.13	13.792	-0.53772	-1.1326	0.1388	1.4524	0.5427	-2.8569	8.5883	3.464	0.21376	1.225	0.78784	1.2831	0.045695	1.5006	0.6207	1.6465	2.8424	9.0718	160.97	217.88	-0.54616	-3.9375	8.9802	9.8607	-1.4798	3.0029	-11.549	-14.568	0.1957	0.87906	0.50455	0.52485	0.0383	0.77274	0.25457	0.27546	3.8828	10.251	3.3892	-0.026512	-0.43242	-3.7393	8.9897	9.8067	-1.7372	3.229	1.8283	-0.11391	0.2137	1.0428	0.23573	0.000000714	0.045668	1.0874	0.055568	5.1E-13	2.5594	8.5617	-0.31653	9.2113	0.039909	-0.019355	-0.014605	0.11279	-0.94024	-1.9677	0.049474	2.4578	0.08108	0.082013	0.042873	0.067648	0.006574	0.0067262	0.0018381	0.0045762	1.9487	12.002	1.7836	1.7551	9.751	22.375	-29.366	38.374	1.0346	-3.352	-0.82141	-1.1936	0.88989	3.3476	1.6759	0.44859	0.79191	11.207	2.8086	0.20123
679.38	435.24	1020.8	400.85	341.4	34.393	343.13	2813.9	1888.4	118.11	27.504	526.6	967	2600	4.0534	4.8818	5.1069	3.3737	-0.5974	-7.3656	7.1937	10.337	-1.4481	1.2957	1.3752	1.0318	0.18985	0.47918	0.61564	0.38761	0.036042	0.22962	0.37901	0.15025	-0.32721	9.3118	35.964	35.066	-0.51703	-0.6508	0.14783	1.1226	-0.36332	-2.711	3.4011	4.8344	0.23299	0.75567	0.91519	0.95543	0.054287	0.57103	0.83758	0.91285	-1.1146	39.205	43.27	213.86	-0.18377	-6.845	7.0755	9.8672	0.085467	4.8419	-3.8814	-14.455	0.19099	0.613	0.53621	0.53378	0.036477	0.37577	0.28753	0.28492	-1.3439	8.0124	4.2532	-0.42901	-0.073931	-6.7362	7.0835	9.8067	0.24828	2.5399	1.7387	-0.10384	0.21345	0.5882	0.47132	0.00000081	0.04556	0.34598	0.22214	6.56E-13	4.6695	16.281	1.3548	14.46	0.054871	-0.035467	0.014605	0.13448	-1.2533	-3.4491	0.84599	3.5352	0.093768	0.11947	0.05006	0.10926	0.0087924	0.014272	0.002506	0.011939	9.3008	9.0849	4.5323	1.9367	5.0301	33.309	-18.42	38.53	2.7205	-2.6839	-1.4308	-1.3696	0.69247	2.0409	2.4695	0.41063	0.47951	4.1651	6.0984	0.16861
414.97	390.47	816.6	391.59	401.63	1.1209	401.63	2027.2	2508.5	128.6	20.024	561.71	1110.5	2450	0.61362	0.58509	4.6079	4.754	-3.345	-0.63542	9.7213	10.309	0.062068	-0.24354	-0.13943	-0.26409	0.28293	0.33611	0.58974	0.60752	0.08005	0.11297	0.34779	0.36908	4.5122	6.3178	6.6268	8.2237	-0.48927	-0.18646	0.51795	1.4546	-1.9985	2.6167	2.171	2.991	0.53048	1.6064	0.68275	1.3219	0.28141	2.5805	0.46615	1.7475	6.5523	6.9353	13.068	10.918	-2.9535	-0.48625	9.307	9.8806	2.2119	-2.8037	-3.4389	-2.4538	0.51193	1.295	0.3707	0.14311	0.26208	1.6769	0.13742	0.020481	6.2792	6.7569	10.534	0.0069363	-2.8559	-0.44345	9.201	9.8067	2.2574	-2.7968	-3.3009	-0.099617	0.61094	1.6157	0.42603	0.000000817	0.37324	2.6104	0.1815	6.67E-13	5.3043	11.635	-0.10706	13.677	-0.004818	-0.03177	-0.0049942	0.12127	-1.496	-2.1475	-0.054923	3.2651	0.10096	0.094636	0.051688	0.090222	0.010194	0.0089559	0.0026716	0.00814	10.099	12.067	11.802	6.8128	20.399	5.4264	-31.646	38.543	-3.198	3.5474	3.3876	-2.7586	3.0126	5.0783	2.2466	1.0656	9.0759	25.789	5.0473	1.1356
393.32	385.87	744.74	363.33	351.43	22.535	352.15	2430.3	2323.9	113.65	47.652	465.47	1035.5	2333	-0.35138	0.79201	0.89494	0.58166	-3.0865	-0.62782	9.7945	10.297	0.043088	0.14163	0.052544	0.16177	0.24554	0.32427	0.34832	0.33872	0.060289	0.10515	0.12133	0.11473	0.43697	0.18306	1.0092	0.059958	-0.5433	0.022758	0.34818	0.77332	0.51257	0.29164	0.042391	0.35725	0.17092	0.31378	0.34487	0.25411	0.029215	0.098455	0.11894	0.064574	-0.60155	-0.6182	0.34137	0.65224	-2.6518	-0.64602	9.516	9.9022	0.1222	-0.15745	0.14425	0.14163	0.15021	0.15917	0.083173	0.068278	0.022562	0.025337	0.0069177	0.0046619	-0.68303	-0.3566	-1.3758	-0.015939	-2.5474	-0.65455	9.4448	9.8067	0.22562	0.083001	-0.11615	-0.30809	0.13776	0.16352	0.046311	0.000000755	0.018978	0.026739	0.0021447	5.7E-13	6.8073	12.037	-0.30511	15.614	-0.02014	-0.050986	-0.0072559	0.14438	-2.124	-2.8701	-0.14975	3.7032	0.13284	0.11765	0.067869	0.13513	0.017645	0.013841	0.0046062	0.01826	-1.2431	8.324	-1.1346	0.34685	20.154	7.2363	-33.186	39.51	-0.14499	-2.5086	-0.14082	-0.44013	0.79189	0.67028	0.48619	0.26288	0.6271	0.44928	0.23638	0.069107
435.02	394.71	769.58	361.15	334.56	33.567	336.24	1783.7	2450.8	105.41	27.866	408.52	1008.8	2334	2.4929	-0.343	0.86164	1.1963	-2.0442	-0.78437	10.098	10.338	-1.0303	0.21839	0.53947	0.59437	0.16084	0.30618	0.30182	0.31131	0.025869	0.093748	0.091093	0.096914	16.593	0.065333	133.5	148.88	-0.52644	-0.046705	0.4908	0.85241	-1.8463	-0.040307	10.538	11.43	0.23853	0.35499	0.71674	0.69942	0.056898	0.12602	0.51371	0.48919	22.701	-0.14767	191.06	192.24	-1.6231	-0.74701	9.7051	9.8704	1.2189	-0.74382	-13.719	-13.781	0.14479	0.1702	0.56191	0.56746	0.020963	0.028967	0.31574	0.32201	7.1332	0.0020192	6.6514	-0.30936	-1.5283	-0.743	9.6553	9.8067	-2.6529	-0.96222	-2.6791	-0.24904	0.14469	0.18952	0.038446	0.000000808	0.020935	0.035917	0.0014781	6.52E-13	8.5805	10.393	-0.26654	15.559	-0.01084	-0.019518	0.0046783	0.092939	-2.4111	-2.3092	0.30331	3.688	0.090712	0.071959	0.040137	0.082948	0.0082287	0.0051781	0.0016109	0.0068803	10.207	4.3248	1.1833	-0.60734	14.561	9.4277	-35.378	39.413	3.2199	-1.3413	0.99086	-0.40038	0.81961	0.36755	0.32905	0.20539	0.67176	0.1351	0.10828	0.042187
280.75	424.51	699.97	377.37	419.21	47.135	421.86	3442.5	2864	137.59	40.244	612.05	1161.9	2595	90.77	0.94701	14.883	0.45288	-7.9045	-0.19346	5.9696	9.9334	7.7886	-0.45806	2.6479	0.5062	0.46825	0.27151	0.54334	0.2601	0.21925	0.073718	0.29522	0.067654	8.7141	1.6839	24.552	10.185	-0.60488	0.39308	-0.31738	1.1568	-3.0085	-0.8137	1.5679	3.1294	1.238	0.31586	1.2241	1.5526	1.5326	0.09977	1.4985	2.4105	14.423	-0.53677	8.575	209.41	-7.4206	-0.50792	6.2235	9.7708	3.6199	-0.59555	1.217	-14.244	1.0571	0.17027	0.74137	0.52496	1.1174	0.028991	0.54963	0.27558	9.0072	-0.75178	5.3841	-0.50576	-7.2868	-0.59084	6.3399	9.8067	3.1129	-0.66805	2.5029	-0.21529	1.2913	0.18886	0.91217	0.000000792	1.6674	0.035668	0.83205	6.28E-13	4.6957	7.1331	0.31889	6.1068	0.017194	-0.062806	-0.01907	0.12491	-1.5539	-1.9363	-0.54721	2.2631	0.098866	0.07517	0.052318	0.084498	0.0097745	0.0056506	0.0027371	0.0071399	12.051	0.99524	10.917	3.4271	32.5	10.783	-16.605	38.346	-3.4046	0.62578	-3.1451	-1.722	3.294	0.29399	3.4242	0.56776	10.85	0.086429	11.725	0.32235
390.25	385.16	759.85	401.68	369.6	16.518	369.97	2153	2318.1	126.58	53.307	559.34	1041.3	2507	-0.89004	0.063606	-0.78287	-0.77646	0.93244	-0.43272	10.329	10.387	0.13372	-0.037946	0.066566	0.056099	0.24908	0.28064	0.42209	0.41036	0.062039	0.078757	0.17816	0.1684	1.0163	0.036103	97.372	113.91	-0.099775	-0.11144	0.63226	0.76091	0.10777	0.013413	8.2247	9.2508	0.18612	0.26447	0.74941	0.71315	0.03464	0.069945	0.56162	0.50858	1.9236	-0.027153	196	197.44	1.0123	-0.34357	9.8234	9.8836	-0.90464	0.89706	-13.829	-13.905	0.16913	0.13657	0.56104	0.56387	0.028605	0.018651	0.31477	0.31795	-1.1128	0.016541	-1.1349	-0.11951	1.0305	-0.31927	9.745	9.8067	-0.4586	1.1155	0.51406	0.057719	0.15041	0.1372	0.018115	0.000000653	0.022623	0.018825	0.00032816	4.26E-13	-0.36555	-0.78802	3.5575	-0.24097	-0.016316	-0.024	0.00039487	0.12201	-0.22708	0.36494	1.0155	0.48901	0.075464	0.093322	0.042281	0.046044	0.0056949	0.008709	0.0017877	0.00212	-0.93847	-0.25205	-0.51517	-0.4171	1.5462	9.0293	-40.472	41.507	0.36096	-0.81916	-0.34993	0.11734	0.74954	0.5891	0.29926	0.29189	0.56181	0.34704	0.089557	0.085198
447.3	395.54	818.19	381.2	370.9	14.335	371.17	2403.5	1961.4	144.96	7.6077	468.22	909.71	2610	-0.16146	-0.1775	0.6589	0.506	3.1727	-0.092744	9.9059	10.41	-0.36293	0.24127	0.77995	0.65443	0.24176	0.31687	0.26119	0.22949	0.05845	0.10041	0.068221	0.052665	5.8267	-0.5189	-0.021205	3.108	0.161	-0.01836	0.58504	0.81619	2.3547	0.16375	0.46278	1.4606	0.50616	0.31282	0.2841	0.36839	0.2562	0.097856	0.080712	0.13571	8.5354	0.29654	2.6882	0.50642	3.0439	-0.078056	9.4378	9.9243	-2.8567	-1.0423	1.5289	0.7311	0.32577	0.18774	0.093979	0.046116	0.10613	0.035245	0.0088321	0.0021267	9.5601	0.93947	6.9472	-0.3724	3.0189	-0.080298	9.3191	9.8067	-3.114	-1.2816	2.6188	-0.1195	0.39687	0.19684	0.097672	0.000000728	0.1575	0.038746	0.0095397	5.3E-13	4.0953	6.8714	2.4461	15.014	0.000952	0.0094625	-0.00055599	0.10257	-1.5656	-1.5507	1.0634	3.2567	0.087266	0.061698	0.065007	0.072078	0.0076154	0.0038066	0.0042259	0.0051953	22.987	-1.184	-0.51912	2.1679	-9.1319	9.1376	-41.159	43.162	4.262	0.10897	-0.55607	-0.54198	1.3229	0.5281	0.34875	0.36536	1.7501	0.27889	0.12162	0.13349
598.91	415.66	1024.8	408.75	425.94	6.9021	425.99	3614.7	2368.1	142.46	33.446	656.17	1051.6	2593	26.307	4.8593	0.50261	0.51899	-2.4902	1.1215	9.8932	10.285	2.9844	-0.53299	-0.068937	-0.23626	0.60155	0.3092	0.35737	0.35919	0.36186	0.095605	0.12771	0.12901	8.4949	2.6378	112.36	17.469	-0.24125	-0.30354	0.59928	1.2654	-2.9131	1.633	8.8809	3.7667	1.3258	0.59179	0.75757	1.259	1.7577	0.35021	0.57391	1.5851	5.9662	7.2738	177.31	210.42	-2.2972	1.3643	9.4138	9.8483	2.246	-2.7525	-12.591	-14.302	1.0469	0.37732	0.52607	0.52837	1.0961	0.14237	0.27675	0.27917	6.2217	6.2083	-0.71802	-0.26943	-2.2348	1.417	9.3311	9.8067	2.4611	-2.6164	0.14133	-0.04269	1.3479	0.49693	0.1974	0.000000852	1.8167	0.24694	0.038967	7.25E-13	0.35544	-0.41833	-0.26252	0.3966	-0.0043033	-0.052648	0.0083505	0.20199	-0.24584	0.44628	0.39754	0.53671	0.12278	0.1507	0.097655	0.096444	0.015075	0.022712	0.0095366	0.0093014	10.017	11.353	3.1559	15.688	17.368	-1.1146	-34.608	39.131	-3.0374	3.4037	-1.4844	2.5512	4.9286	2.0265	1.6468	0.56021	24.291	4.1069	2.712	0.31384
235.15	420.79	731.71	363.51	496.56	57.282	499.85	2656.2	2414.8	151.05	16.756	610.65	967.99	2829	0.25722	20.136	0.8159	0.035597	-1.4029	-4.1708	9.3367	10.347	0.4209	2.3817	0.72805	0.43664	0.2769	0.6223	0.55196	0.49604	0.076675	0.38726	0.30466	0.24606	18.497	8.3425	76.053	20.042	0.13966	-0.39228	0.53782	1.1654	-2.0763	-2.8728	6.391	3.8945	0.26195	1.2762	0.88072	1.2546	0.068618	1.6288	0.77567	1.5739	0.18227	8.2893	137.04	228.91	-1.5147	-3.857	8.9065	9.8683	0.18465	2.7645	-9.9605	-14.751	0.26168	0.90719	0.49298	0.49329	0.068474	0.823	0.24303	0.24333	-0.73569	9.8448	0.61522	-0.18294	-1.5476	-3.8097	8.8283	9.8067	-0.18721	3.0818	0.91222	-0.29386	0.2612	1.0869	0.27371	0.000000763	0.068223	1.1813	0.074919	5.83E-13	-0.33681	0.021191	-0.030821	0.28752	0.050395	-0.031374	0.01364	0.25347	-0.5857	-0.001741	0.25841	0.69838	0.16863	0.18622	0.097379	0.10927	0.028437	0.034677	0.0094826	0.01194	-0.67934	15.178	-0.9048	7.4336	13.989	20.07	-30.223	39.042	-0.28707	-3.4012	-0.0041637	-2.6256	0.84308	3.0775	1.6509	0.65792	0.71079	9.471	2.7255	0.43286
373.67	428.64	804.09	426.51	430.42	2.1237	430.43	3134.4	2199	135.41	7.5977	566.24	901.35	3261	1.0854	9.4576	0.49888	0.48135	0.10399	5.8888	8.4962	10.347	-0.28203	-1.6307	0.24748	0.32686	0.18346	0.32244	0.33098	0.24463	0.033656	0.10397	0.10955	0.059845	1.8593	8.4313	2.9796	7.5058	-2.8072	-0.59721	2.3999	4.5943	1.4103	2.9805	-1.9656	2.0822	1.1714	2.3411	1.1812	1.0542	1.3721	5.4809	1.3952	1.1114	2.5677	9.1278	3.1813	10.473	2.3498	6.3666	6.5763	9.7362	-1.6148	-3.1066	2.0671	-2.6557	0.97173	1.9293	0.92604	0.11286	0.94426	3.7221	0.85754	0.012738	2.5251	8.9278	3.0437	-0.28676	2.9203	6.4849	6.1017	9.8067	-1.6001	-3.074	2.055	0.075856	1.1883	2.3689	1.1607	0.000000841	1.4121	5.6117	1.3473	7.08E-13	2.9753	7.8652	0.61718	12.391	-0.0038788	-0.007787	0.00099008	0.10039	-0.73609	-1.0373	0.61834	2.645	0.087745	0.066926	0.052127	0.069836	0.0076992	0.0044791	0.0027173	0.0048771	14.882	15.307	9.7235	9.5734	-16.625	-26.007	-28.735	43.051	3.8987	3.9598	-2.8663	-3.2729	4.9439	7.6525	0.76422	2.8698	24.443	58.56	0.58403	8.2355
321.81	422.15	771.53	406.63	449.71	15.515	449.98	2972.3	2830.5	160.17	42.865	532.67	1134.9	2580	0.58929	0.14718	0.42077	0.3154	-0.38936	5.0428	9.025	10.359	-0.34125	-0.13783	-0.581	-0.63408	0.16751	0.42408	0.39059	0.27904	0.028061	0.17985	0.15256	0.077865	3.54	18.488	35.022	28.315	-0.82019	-0.65417	1.1734	1.7167	-1.8472	2.4464	3.7416	3.769	0.42625	0.74195	0.79514	0.94492	0.18169	0.55049	0.63225	0.89288	6.0299	6.0848	38.318	218.63	0.2668	5.5662	8.0863	9.858	2.5686	-0.88299	-4.3417	-14.698	0.30922	0.70353	0.65565	0.52784	0.095615	0.49495	0.42988	0.27862	5.7657	-0.92557	-0.37368	-0.47514	0.42645	5.708	7.898	9.8067	2.5444	0.33802	-0.76415	0.0088574	0.37121	0.73743	0.59122	0.000000844	0.1378	0.54381	0.34954	7.12E-13	19.556	23.312	1.2806	26.73	-0.081908	-0.032661	-0.0011708	0.16006	-4.1611	-4.1987	0.4615	5.024	0.22439	0.12552	0.071945	0.23109	0.050351	0.015756	0.0051761	0.053403	1.0482	0.21791	0.11227	0.21385	-16.184	-23.945	-32.122	43.239	-0.72185	-0.75692	0.76603	-0.22923	0.5157	1.1997	0.97379	0.29408	0.26595	1.4393	0.94827	0.086485
694.84	406.28	1212.5	405.45	517.62	0.8259	517.62	4221.9	3168.8	156.12	23.792	630.79	1160.1	3151	0.2071	0.30599	3.8479	3.8252	1.5692	0.71339	10.255	10.416	-0.24678	-0.27963	0.50448	0.63198	0.25603	0.52368	0.51432	0.49153	0.065551	0.27424	0.26452	0.2416	-0.10603	0.92673	3.22	1.4475	0.22082	-0.76152	0.68092	1.2792	0.18667	-0.93928	0.51114	1.2953	0.42778	0.8609	0.52556	0.80895	0.183	0.74115	0.27622	0.6544	0.8979	4.9205	3.4261	4.3341	1.3925	1.3226	9.7104	9.9151	-1.1013	2.2605	-0.82881	0.61867	0.24672	0.50774	0.14356	0.096906	0.060872	0.2578	0.020611	0.0093908	0.54241	5.0286	13.074	-0.34047	1.3535	1.4723	9.5737	9.8067	-0.99057	2.2717	-3.5768	-0.038708	0.30551	0.63832	0.12481	0.000000834	0.093334	0.40745	0.015578	6.95E-13	23.674	22.894	0.003519	29.86	-0.021514	-0.023036	0.015156	0.17609	-4.539	-4.0294	0.51087	5.1953	0.18933	0.17123	0.11708	0.22144	0.035844	0.029321	0.013708	0.049035	0.67081	9.8864	10.182	-0.21196	-17.583	-15.881	-37.178	44.098	0.59665	-2.6111	2.2962	0.39682	0.32028	0.87406	0.51838	0.22742	0.10258	0.76398	0.26871	0.051719
395.09	454.95	1026.3	408.81	631.24	46.132	632.92	4736	2282.8	180.8	9.7022	621.26	949.01	3249	-0.40004	0.41535	3.1082	2.5393	0.4038	2.1041	10.157	10.392	-0.22971	-0.17134	-0.48365	-0.35597	0.35273	0.28054	0.5027	0.46638	0.12442	0.078702	0.2527	0.21751	5.1552	4.9397	2.8929	1.4174	-0.20768	0.033306	0.60773	0.88897	-2.0788	1.9541	-0.45941	1.1668	0.37678	0.50718	0.50584	0.52635	0.14196	0.25724	0.25588	0.27704	0.30267	12.043	3.3515	2.4025	0.56994	2.0775	9.6711	9.9197	0.21899	-3.3821	-0.55908	-0.37051	0.35982	0.31403	0.10178	0.094199	0.12947	0.098616	0.01036	0.0088735	1.5559	11.055	4.796	-0.64731	0.60702	2.0667	9.55	9.8067	0.80297	-3.3759	2.2694	-0.016163	0.40493	0.40447	0.031242	0.000000762	0.16397	0.1636	0.00097609	5.81E-13	0.35636	0.027488	-0.49107	1.6424	-0.0086719	-0.021902	0.0074325	0.17791	0.66579	0.36057	-0.10529	0.83122	0.098209	0.14472	0.081953	0.078795	0.0096451	0.020943	0.0067163	0.0062087	-0.06862	15.004	1.896	-0.80389	-12.621	-20.213	-35.483	42.782	-0.26518	3.7427	-0.88137	-0.23682	1.584	1.0117	0.36836	0.47339	2.509	1.0235	0.13569	0.2241
338.92	449.34	837.54	417.9	498.62	31.443	499.61	2843.2	2356	150.42	26.885	483.74	977.92	3122	-0.020244	-0.72416	1.9982	6.8011	-2.615	-6.0256	7.8727	10.289	-0.13829	-0.22422	0.62575	1.6188	0.14645	0.6324	0.71295	0.43052	0.021447	0.39992	0.5083	0.18534	7.7555	9.2427	3.3857	8.3823	-0.43478	-0.89368	0.027232	1.3022	-2.9427	-3.1705	-1.5311	3.0482	0.84754	1.7887	0.97389	2.0387	0.71833	3.1995	0.94845	4.1564	7.6109	9.0344	0.56145	8.4701	-2.2672	-5.3107	7.8509	9.8579	2.9245	2.9229	0.76893	-2.4181	0.6766	1.232	0.51536	0.18498	0.45779	1.5177	0.2656	0.034217	8.187	10.573	2.6614	0.035235	-2.1857	-5.1477	7.8476	9.8067	3.0127	3.2325	1.5424	-0.11761	0.82143	1.5034	0.6172	0.000000721	0.67474	2.2601	0.38093	5.2E-13	11.123	11.916	1.9978	19.196	0.06037	-0.041745	0.016106	0.15485	-2.4551	-2.0733	-0.83872	3.8028	0.10362	0.10961	0.07616	0.10093	0.010737	0.012014	0.0058003	0.010187	11.795	12.095	-1.2722	9.4951	-1.5624	14.31	-36.665	39.739	-3.1252	-2.9431	0.33981	-2.9411	1.9021	4.7963	1.4674	0.98781	3.618	23.005	2.1533	0.97577
343.29	429.99	850.88	405.92	507.59	24.069	508.16	2659.7	2480.8	158.46	23.879	475.27	1031.9	2796	1.0172	1.1709	0.83464	1.1634	2.2337	0.93304	10.12	10.418	-0.55145	-0.5363	0.37046	0.65953	0.28552	0.3666	0.38616	0.35021	0.081523	0.1344	0.14912	0.12265	9.5861	7.6869	1.3647	9.7365	0.23911	0.41483	0.68109	1.1882	3.0235	2.8491	0.91404	3.154	0.86267	1.297	0.47383	1.3889	0.74419	1.6823	0.22452	1.9291	10.076	8.8603	13.866	3.9335	2.0424	0.60118	9.5756	9.9056	-3.1991	-3.0529	-3.3621	-1.2462	0.75007	1.1417	0.22219	0.10514	0.5626	1.3036	0.049368	0.011055	8.4664	7.0543	15.896	-0.12456	1.9641	0.46864	9.4317	9.8067	-3.018	-2.8254	-3.9345	-0.11312	0.96108	1.4645	0.26928	0.000000795	0.92367	2.1447	0.072514	6.33E-13	-0.85625	-0.61958	-0.4045	-0.26241	0.005436	-0.012048	-0.010069	0.17677	0.11347	0.35294	-0.1031	0.55398	0.11632	0.13066	0.076452	0.073576	0.01353	0.017072	0.0058449	0.0054134	12.542	12.016	5.671	6.7227	-20.125	-13.914	-35.234	43.276	3.5532	3.5316	-2.237	-2.7415	3.0853	4.9145	0.78642	1.17	9.5189	24.152	0.61846	1.3688
528.06	386.22	987.21	390.23	459.15	4.0115	459.17	2185	2425.1	139.29	35.171	445.17	1000.1	3013	121.91	33.335	7.0027	4.2801	-5.1596	-1.419	8.6364	10.182	9.3865	3.6472	1.9596	1.0508	0.56853	0.31112	0.44811	0.39775	0.32322	0.096794	0.2008	0.15821	10.181	6.0429	72.646	12.026	-0.62141	-0.20318	0.21545	1.0615	-3.209	-2.003	6.0451	3.3992	1.4743	0.56458	0.91333	1.6343	2.1735	0.31875	0.83418	2.6708	11.611	9.8899	100.94	211.71	-4.6625	-1.2564	8.4641	9.8246	3.4624	3.2017	-7.67	-14.116	1.1795	0.42555	0.50726	0.50851	1.3912	0.1811	0.25732	0.25859	10.026	8.8503	4.3591	0.29009	-4.5195	-1.2021	8.4641	9.8067	3.2865	3.1037	2.3143	-0.07463	1.491	0.53213	0.39596	0.000000786	2.223	0.28316	0.15679	6.17E-13	8.7766	24.835	-0.16466	24.867	-0.013025	-0.057167	-0.0085279	0.1298	-2.2859	-4.2476	0.12068	4.6144	0.09962	0.13775	0.058032	0.1375	0.0099241	0.018976	0.0033678	0.018907	17.54	17.265	1.1112	20.27	8.944	-4.9764	-36.738	38.478	-4.0819	-4.0629	1.1534	2.2831	4.8828	1.5596	0.55671	0.57033	23.842	2.4324	0.30993	0.32528
311.96	414.06	800.55	340.2	488.59	73.859	494.14	2892.1	2155.6	144.9	12.116	560.87	1055.6	2955	83.358	21.393	3.0587	1.1047	0.16776	0.084587	10.329	10.331	-8.1096	-2.9829	-0.50728	-0.08133	0.11055	0.086726	0.037984	0.036341	0.012221	0.0075213	0.0014428	0.0013206	6.4564	0.21709	10.652	6.1665	0.28349	0.56805	0.61508	1.0921	2.7697	1.0641	3.3321	2.6569	1.0913	0.48402	0.24066	1.0342	1.1909	0.23427	0.057916	1.0696	6.9789	0.26205	10.732	8.9335	-0.059029	-0.36985	9.8365	9.8955	-2.847	-1.1015	-3.4056	-3.1103	0.91385	0.39198	0.20279	0.04486	0.83512	0.15365	0.041122	0.0020124	9.2884	0.32	14.555	-0.48424	-0.040136	-0.46019	9.7309	9.8067	-3.1969	-1.1216	-3.898	-0.21185	1.0048	0.46084	0.21694	0.000000905	1.0096	0.21238	0.047061	8.18E-13	0.98932	0.46682	-0.14211	0.57567	0.0084929	-0.0016342	-0.011916	0.016653	0.33793	-0.14424	0.17425	0.23741	0.0054932	0.005651	0.0043127	0.0044796	0.0000302	0.0000319	0.0000186	0.0000201	16.479	3.8882	9.7023	1.9151	-13.283	-3.0834	-33.991	36.801	4.101	-0.96459	-2.898	0.57325	3.5476	0.17641	0.71679	0.30814	12.586	0.03112	0.51379	0.094951
419.45	385.45	986.8	372.59	567.35	12.86	567.49	3391.5	2499.9	162.6	5.8644	530.6	910.28	3218	0.47708	0.3319	5.5045	5.4763	0.17484	0.080445	10.325	10.327	-0.00090043	-0.21232	-0.60705	-0.59755	0.033538	0.053183	0.039672	0.039591	0.0011248	0.0028284	0.0015739	0.0015674	2.7842	6.1138	5.4636	7.5557	-0.03415	0.062043	0.52143	0.54358	-1.2896	2.2515	-0.6351	2.1208	0.062102	0.13324	0.039796	0.067241	0.0038567	0.017752	0.0015837	0.0045214	8.8524	7.6178	4.2578	5.3149	0.20216	0.030811	9.9078	9.9105	2.5649	-2.7954	-0.54378	-0.57371	0.044287	0.094295	0.0083927	0.0079716	0.0019614	0.0088916	0.0000704	0.0000635	9.1574	7.4321	13.932	-0.30214	0.20811	0.016017	9.8035	9.8067	2.6983	-2.783	-3.8055	-0.33488	0.054807	0.12024	0.003469	0.000000836	0.0030038	0.014457	0.000012	6.99E-13	0.32364	0.96861	-0.25378	0.35659	0.0081094	-0.00080785	-0.012218	0.01649	-0.056382	-0.14477	0.060571	0.21525	0.004577	0.0058311	0.0043016	0.0041372	0.0000209	0.000034	0.0000185	0.0000171	0.023706	-0.3629	0.31794	0.50818	-14.404	-2.0957	-33.698	36.709	-0.39409	0.029549	-0.59771	0.4321	0.22061	0.20535	0.28024	0.26356	0.04867	0.04217	0.078533	0.069466
374.14	413.41	869.4	364.04	495.26	49.377	497.71	3015.8	3216.6	153.05	3.2792	603.4	1103	3078	74.912	1.7444	2.5027	-0.30091	-3.4122	-0.01695	9.6772	10.267	6.7129	-0.60043	0.7714	0.19753	0.31665	0.055674	0.1284	0.08857	0.10027	0.0030996	0.016487	0.0078446	12.541	6.097	190.99	84.315	-0.13749	0.0070734	0.50219	0.70199	-3.6027	1.5096	13.208	8.0358	0.65243	0.097866	0.68541	0.82607	0.42566	0.0095777	0.46979	0.6824	13.368	7.4374	198.18	225.03	-3.3022	-0.022609	9.2754	9.86	3.3895	-1.932	-13.601	-14.985	0.55087	0.062914	0.49739	0.5211	0.30346	0.0039581	0.24739	0.27155	9.9286	7.8649	4.3692	-0.41859	-3.2619	-0.026272	9.2206	9.8067	3.1053	-2.246	2.055	0.041439	0.69039	0.083451	0.16476	0.000000708	0.47664	0.0069641	0.027147	5.01E-13	0.71426	2.3175	8.9038	8.7341	0.012352	-0.037514	-0.029202	0.083572	0.41397	-1.1618	-2.4471	2.7209	0.030306	0.083596	0.033263	0.066583	0.00091847	0.0069882	0.0011064	0.0044333	20.441	-0.24046	14.429	1.9999	-0.36342	-1.7977	-36.108	36.21	-3.9491	0.39817	3.3581	-1.0621	1.9673	0.19045	0.42854	0.26323	3.8701	0.03627	0.18364	0.06929
457.97	385.92	1073.8	374.89	615.84	11.032	615.94	2323.8	2377.4	180.65	27.194	527.02	961.38	3240	126.18	0.40876	3.3128	4.016	-1.0633	0.07287	10.244	10.301	-9.8126	-0.15422	-0.38752	0.06432	0.13284	0.05872	0.081751	0.079422	0.017646	0.003448	0.0066832	0.0063079	12.267	3.4549	225.56	139.9	0.046518	0.13733	0.55336	0.66206	1.3417	1.8907	14.758	10.67	0.45227	0.19307	0.61403	0.71225	0.20455	0.037277	0.37703	0.50729	9.9308	4.3362	233.19	242.42	-1.1005	-0.036992	9.8017	9.8711	-3.2193	-2.1789	-15.126	-15.561	0.35518	0.14772	0.50884	0.50339	0.12615	0.021822	0.25891	0.2534	10.969	4.931	13.99	-0.24097	-1.098	-0.059069	9.7342	9.8067	-3.3997	-2.3051	-3.8115	-0.18658	0.40944	0.17844	0.081829	0.000000749	0.16764	0.031841	0.006696	5.61E-13	6.9958	1.1325	0.38638	16.889	0.0093292	-0.0029073	-0.0088046	0.024146	1.1182	0.483	-0.45288	2.8269	0.015374	0.012892	0.012114	0.011772	0.00023635	0.00016621	0.00014675	0.00013858	18.75	-0.78336	3.6933	-0.44094	-9.5821	-1.2696	-35.033	36.36	4.1131	0.047233	-1.3366	0.18099	1.1014	0.21139	0.3114	0.24037	1.2131	0.044687	0.096971	0.057779
277.75	377.9	771.59	322.74	493.84	55.158	496.91	3095.1	2939.3	158	10.554	520.87	1095.3	3013	1.5531	-0.0811	8.5605	7.8356	-1.0042	0.10464	10.246	10.296	-0.29579	-0.37596	-0.76182	-0.63091	0.08018	0.052787	0.14771	0.14579	0.0064289	0.0027865	0.021819	0.021254	24.735	6.1224	187.72	192.55	-0.03453	0.0019707	0.53641	0.5614	-1.8751	1.6663	13.399	13.669	0.12949	0.081376	0.71094	0.70884	0.016769	0.0066221	0.50543	0.50246	68.183	8.4926	203.71	203.82	-0.97654	0.10307	9.8168	9.8661	5.5222	-2.7698	-14.25	-14.257	0.069934	0.0601	0.54318	0.54575	0.0048907	0.003612	0.29505	0.29785	15.03	10.479	18.137	-0.10821	-0.97279	0.10504	9.7573	9.8067	-3.2726	-3.1514	-3.7666	0.063198	0.052651	0.070621	0.0058035	0.000000685	0.0027722	0.0049873	0.0000337	4.69E-13	8.742	3.3289	0.54187	21.324	0.0094785	-0.0019704	-0.0082388	0.029572	0.96778	0.66689	0.024647	3.8093	0.026504	0.014997	0.012677	0.019334	0.00070244	0.00022491	0.00016069	0.00037381	0.40737	-0.52164	-0.11024	0.67471	-9.692	-1.4047	-34.484	35.849	-0.056282	0.18607	-0.57879	0.67303	0.27299	0.21835	0.29664	0.31116	0.074526	0.047678	0.087996	0.096823
444.17	405.27	968.45	384.8	524.28	20.47	524.68	4016.3	2312.8	173.7	12.513	663.75	920.67	2962	-0.16439	0.71084	-0.34559	-0.3485	-0.99885	0.13964	10.252	10.302	0.041597	0.40865	-0.18641	-0.18074	0.045208	0.039305	0.17589	0.17497	0.0020438	0.0015449	0.030938	0.030615	5.7375	4.5918	-0.35045	-0.62195	-0.059221	-0.00046909	0.49212	0.51139	1.6651	1.8917	-0.19602	-0.10191	0.078396	0.089393	0.17604	0.17095	0.006146	0.0079912	0.03099	0.029223	10.433	7.9406	-0.40914	-0.34515	-0.95147	0.14002	9.8583	9.9055	-2.772	-2.7948	-0.14166	-0.17867	0.049704	0.073698	0.035553	0.034991	0.0024705	0.0054314	0.001264	0.0012243	12.871	8.2988	15.259	-0.34261	-0.93796	0.14088	9.7601	9.8067	-3.1018	-2.8366	-3.4909	-0.16665	0.060765	0.083512	0.0064589	0.000000693	0.0036924	0.0069743	0.0000417	4.8E-13	2.4159	1.1666	0.1195	8.2436	0.011029	-0.0028327	-0.0067115	0.033722	0.66198	-0.10755	-0.12459	2.2489	0.033443	0.014273	0.010744	0.021755	0.0011185	0.00020371	0.00011542	0.0004733	-0.83544	-0.29009	0.035932	-0.041401	-10.152	-1.2886	-35.271	36.727	0.026821	-0.17191	-0.40481	0.34228	0.23951	0.20313	0.28389	0.29625	0.057366	0.041262	0.080593	0.087761
312.43	365.69	856.89	341.5	544.46	24.187	545	3569	2576.4	167.34	27.393	574.18	1099.2	2768	86.176	13.782	1.3505	1.5064	5.6618	0.072484	8.6789	10.369	-8.1842	-2.2066	-0.78854	-0.80614	0.14855	0.069002	0.54366	0.43276	0.022068	0.0047612	0.29557	0.18728	9.7868	-0.0085331	0.17715	8.7999	0.79153	0.11463	0.26392	1.1114	3.2385	0.19643	-0.73197	3.0096	1.1547	0.11105	0.656	1.1169	1.3333	0.012332	0.43034	1.2475	11.428	-1.1866	4.1036	0.59357	5.0285	-0.019218	8.4678	9.9031	-3.4272	-0.52013	2.0086	-0.82314	0.98609	0.07974	0.34242	0.10324	0.97238	0.0063585	0.11725	0.010659	9.5338	-0.5787	4.7807	-0.36193	4.8413	-0.042005	8.4235	9.8067	-3.1951	-0.23779	2.4599	-0.063913	1.2646	0.098895	0.41274	0.000000699	1.5992	0.0097802	0.17035	4.88E-13	4.7289	0.04632	8.049	3.9068	0.0073787	0.0088941	-0.0097912	0.10008	1.7167	0.64339	2.868	1.5831	0.017735	0.11283	0.020211	0.06039	0.00031452	0.01273	0.00040847	0.0036469	12.684	3.0587	12.494	5.9711	-31.636	0.66	-24.362	40.132	3.6245	-1.479	-3.5277	-2.5557	3.7076	0.39373	1.8545	1.1861	13.747	0.15503	3.4392	1.4068
341.75	379.97	816.48	319.97	474.73	59.996	478.5	2704.7	2184.3	158.52	5.7598	528.66	1058.6	2767	0.21174	-0.11325	5.1955	8.7527	2.9959	-6.1825	7.73	10.345	0.3427	0.22159	0.52294	1.412	0.11616	0.20512	0.26727	0.22553	0.013492	0.042076	0.071433	0.050864	5.3869	7.3189	1.4256	7.6934	-0.051581	-0.95779	0.11371	1.1302	-2.4555	-2.7307	-0.043868	2.8462	0.52489	1.1298	0.4079	1.1715	0.27551	1.2763	0.16638	1.3723	6.7039	9.7019	2.2452	5.2273	3.0371	-5.4162	7.639	9.8956	2.7564	3.1371	1.5687	-1.2354	0.41009	0.89568	0.22069	0.073672	0.16818	0.80224	0.048704	0.0054276	6.5409	9.3231	2.2429	-0.34293	3.043	-5.2329	7.615	9.8067	2.7508	3.0928	1.738	-0.15959	0.50854	1.0994	0.27358	0.000000777	0.25861	1.2086	0.074844	6.03E-13	1.2649	12.364	-0.36817	20.143	0.0046149	-0.0059203	-0.014619	0.06261	-0.98013	-2.6255	0.19852	3.7553	0.045889	0.046865	0.030644	0.039797	0.0021058	0.0021964	0.00093906	0.0015838	14.98	15.194	2.2486	7.7307	-23.844	18.017	-23.382	38.052	-3.8007	-3.9219	-0.97907	1.768	1.2786	2.5492	0.32046	0.30051	1.6349	6.4985	0.1027	0.090306
458.98	423.5	997.83	381.62	538.85	41.885	540.48	3164.8	2964.2	181.79	5.5954	570.25	1310.9	2812	-0.12656	-0.44286	4.9454	5.9047	3.0773	-6.0397	7.8291	10.363	-0.028665	-0.040139	0.40877	0.82518	0.079707	0.27828	0.36692	0.27971	0.0063532	0.077438	0.13463	0.078235	136.69	92.634	69.205	148	0.14671	-0.31922	0.48284	0.71513	10.333	-7.8118	6.389	11.16	0.2222	0.4818	0.54564	0.6509	0.049374	0.23213	0.29773	0.42367	162.07	190.96	196.44	215.6	2.9599	-5.7844	7.4429	9.881	-11.668	13.335	-13.635	-14.609	0.17144	0.32051	0.42739	0.5442	0.029391	0.10273	0.18266	0.29615	8.8926	2.7163	5.2385	-0.38676	2.9405	-5.747	7.381	9.8067	2.7403	-1.5436	-2.2306	0.12737	0.069463	0.075069	0.080587	0.000000691	0.0048251	0.0056353	0.0064943	4.77E-13	0.6703	12.979	-0.92006	14.936	-0.0037212	-0.009859	-0.0080824	0.081803	-0.88291	-2.9664	-0.047946	3.3297	0.04661	0.061277	0.057729	0.052266	0.0021725	0.0037549	0.0033327	0.0027317	-0.3912	1.5274	-0.40065	-0.80939	-23.866	17.638	-23.764	38.021	-0.11922	1.147	0.36642	-0.28241	0.2469	0.30909	0.31627	0.25011	0.060959	0.095534	0.10003	0.062556
346	409.64	888.34	416.84	542.33	7.1971	542.38	2677.5	2532.1	172.59	10.928	614.11	1218.7	2767	0.2898	-0.1744	0.23834	0.33418	0.18997	3.0496	9.8986	10.361	0.052729	-0.12398	0.14213	0.23252	0.1152	0.14392	0.17678	0.16185	0.01327	0.020712	0.03125	0.026196	0.9629	-0.0071177	0.54693	1.8392	-0.038817	0.1479	0.53516	0.59798	-0.35701	-0.27095	0.41263	0.95677	0.14168	0.14693	0.1807	0.16218	0.020075	0.021588	0.032653	0.026302	7.9634	6.487	1.6502	0.31501	0.22102	2.9313	9.4704	9.9172	2.3749	2.4543	-0.76628	0.20249	0.076223	0.11276	0.050423	0.032266	0.00581	0.012714	0.0025424	0.0010411	8.9141	7.712	8.7205	-0.40093	0.23166	2.9079	9.3612	9.8067	2.9087	2.6855	-2.8683	-0.18444	0.092455	0.13208	0.046871	0.000000773	0.008548	0.017446	0.0021969	5.97E-13	-0.23371	4.2724	0.50397	-0.20626	0.00078496	0.0018035	0.00040766	0.053936	-0.47606	-0.56605	0.46047	0.764	0.044342	0.015384	0.041847	0.032298	0.0019662	0.00023668	0.0017512	0.0010432	0.54004	5.7553	1.8972	-0.44395	-15.205	-7.9694	-35.323	39.28	0.72343	-1.9728	0.99697	-0.27235	0.28615	0.61983	0.30595	0.23485	0.081882	0.38419	0.093606	0.055156
386.47	438.07	958.66	439.25	572.19	1.1799	572.19	3480.9	2672.4	174.24	22.857	735.98	1164.7	2767	0.30378	0.13038	0.78354	0.67077	0.20748	2.7094	9.9904	10.355	0.13283	-0.46387	0.26157	0.23957	0.113	0.12383	0.17357	0.16316	0.012768	0.015334	0.030125	0.026622	0.0016214	97.556	185.4	192.25	0.01751	0.1935	0.56132	0.62512	-0.095959	8.1063	13.135	13.494	0.11485	0.23011	0.63456	0.65627	0.013189	0.052951	0.40267	0.43069	1.7555	167.93	212.79	213.46	0.19347	2.5546	9.5414	9.8796	-0.39421	-12.182	-14.55	-14.585	0.036044	0.14293	0.52503	0.54163	0.0012992	0.020429	0.27566	0.29337	3.3485	3.8171	4.9862	-0.19014	0.18961	2.5284	9.473	9.8067	-1.2118	0.34431	-0.55132	-0.26333	0.0306	0.053225	0.014131	0.000000773	0.00093639	0.0028329	0.00019968	5.98E-13	0.32514	23.189	-0.014922	1.2124	0.0043077	-0.00069636	-0.00065052	0.0593	-0.42219	-3.5804	0.049242	1.051	0.051105	0.017885	0.041653	0.034094	0.0026117	0.00031989	0.001735	0.0011624	-0.58786	2.8302	-0.75437	-0.74234	-15.06	-6.3114	-35.555	39.127	0.013625	-1.6391	0.093155	-0.22388	0.20975	0.30909	0.32267	0.29975	0.043994	0.095534	0.10412	0.089849
329.42	397.66	787.69	392.06	458.27	5.6043	458.3	3158	3256.1	159.17	39.903	478.11	1203	2670	161.69	59.4	2.1753	0.44559	6.0041	0.32566	8.4275	10.366	-12.119	5.7228	0.32207	0.013607	0.42744	0.21639	0.33981	0.26313	0.1827	0.046826	0.11547	0.069237	11.744	13.291	92.028	21.775	0.72464	-0.077048	0.31724	1.0036	3.4654	-0.85799	7.6349	4.213	0.99219	0.42188	0.82329	1.2095	0.98444	0.17798	0.67781	1.4628	12.724	14.044	83.096	202.08	5.4244	0.3873	8.1738	9.8683	-3.5464	3.6733	-6.6979	-14.085	0.95402	0.31995	0.53854	0.54591	0.91016	0.10237	0.29003	0.29802	8.3828	9.8594	4.0843	-0.56616	5.2334	0.4295	8.1757	9.8067	-3.0222	3.1913	2.3011	-0.20744	1.1815	0.42128	0.43084	0.000000816	1.3958	0.17747	0.18563	6.66E-13	0.83941	0.25266	-0.27904	0.68478	0.0058801	-0.0046015	-0.0088705	0.067897	-0.27204	0.3947	0.19455	0.89811	0.032083	0.060323	0.029442	0.032404	0.0010293	0.0036389	0.00086686	0.00105	12.109	12.202	13.296	3.3716	-33.151	3.0263	-23.513	40.979	3.5225	-3.5402	-3.7033	-1.908	3.3541	1.7293	2.2156	0.89973	11.25	2.9904	4.909	0.80951
583.57	424.74	1156.1	369.52	572.54	55.217	575.2	3407.3	2102.2	171.98	0.45046	618.2	989.33	3077	193.32	118.93	7.765	-0.31516	0.14961	3.5521	9.7428	10.383	13.285	-9.2343	-0.93296	0.19157	0.40348	0.25744	0.18097	0.13769	0.1628	0.066276	0.032752	0.01896	10.094	12.188	157.73	15.597	-0.38028	0.21492	0.68337	1.0561	-2.0772	3.524	11.428	3.7856	1.2204	0.71925	0.55794	1.3633	1.4893	0.51733	0.31129	1.8585	10.482	13.548	193.31	239.22	0.45384	3.3802	9.1961	9.8726	3.3135	-3.6251	-13.207	-15.323	0.95894	0.58866	0.50766	0.49979	0.91957	0.34652	0.25772	0.24979	8.5849	10.945	16.33	-0.16939	0.56878	3.3288	9.089	9.8067	3.0881	-3.3764	-3.9149	-0.062651	1.254	0.73437	0.22008	0.000000693	1.5726	0.53929	0.048436	4.81E-13	0.07058	7.9693	0.59828	0.098732	-0.010698	0.0050768	0.019776	0.06137	0.063359	-1.0397	0.88448	0.85443	0.060823	0.015054	0.029479	0.039423	0.0036994	0.00022661	0.00086904	0.0015542	14.442	15.248	13.686	4.3287	-16.619	-13.509	-34.113	40.542	-3.8579	3.8481	3.7009	-1.7749	3.1296	2.8745	1.8588	0.39565	9.7944	8.2629	3.455	0.15654
392.25	501.26	801.2	434.71	408.95	66.544	414.33	1890.4	2499.7	124.11	5.7677	481	1124.2	3020	1.4726	173.55	56.525	0.99976	0.16407	8.1609	6.2283	10.279	0.68578	-12.506	5.3406	-0.46618	0.068407	0.36364	0.35779	0.12551	0.0046795	0.13224	0.12801	0.015753	1.2734	10.848	47.684	23.496	-0.025168	0.68085	0.064631	0.897	0.786	3.3441	3.5857	4.3402	0.079686	0.87448	0.98404	1.1839	0.0063498	0.76471	0.96834	1.4017	6.2049	23.914	12.648	223.66	0.1842	7.6162	6.1766	9.8547	-1.298	-4.4503	1.2525	-14.887	0.032011	0.87288	0.6593	0.51822	0.0010247	0.76193	0.43468	0.26855	9.2227	10.754	7.6122	-0.25942	0.18994	7.4837	6.2114	9.8067	-2.1064	-3.3853	2.9352	-0.16539	0.035586	0.97299	0.77613	0.000000705	0.0012664	0.94671	0.60238	4.97E-13	13.58	3.2368	2.0329	18.434	-0.0010701	-0.004655	-0.010649	0.056768	-2.8085	-1.5529	-0.94635	3.8552	0.073776	0.03275	0.021789	0.062434	0.0054428	0.0010726	0.00047474	0.003898	1.5713	15.89	15.328	6.2013	-16.98	-31.371	-23.069	42.675	1.0469	4.0451	-3.943	-2.4813	0.32969	3.4698	2.2426	0.75532	0.10869	12.039	5.0292	0.5705
380.87	369.11	816.54	329.82	435.67	39.289	437.44	1875.7	2647.5	129.78	28.422	489.57	1059.6	2746	-0.18226	0.74579	0.23242	0.38436	0.094265	4.3525	9.4762	10.432	-0.10706	0.42114	-0.22549	-0.028315	0.11676	0.18686	0.25304	0.19964	0.013632	0.034918	0.064031	0.039858	-0.34335	6.8354	7.5274	9.0237	-0.17173	-0.099612	0.78824	0.96279	0.16548	-2.7272	2.4965	2.9883	0.12471	0.76195	0.56239	0.80311	0.015552	0.58057	0.31628	0.64498	0.49177	8.8952	11.558	1.6535	0.23165	4.4322	8.8456	9.9225	0.5299	3.0571	-3.4007	-0.83748	0.03909	0.58142	0.42177	0.049935	0.0015281	0.33805	0.17789	0.0024935	1.2882	8.81	11.964	-0.39194	0.26745	4.4547	8.6876	9.8067	1.0877	3.0687	-3.4933	0.037286	0.040823	0.71908	0.51387	0.000000724	0.0016665	0.51707	0.26407	5.24E-13	0.70147	4.9616	0.032276	-0.37358	0.03198	-0.0005965	-0.00077639	0.069982	-0.4577	-0.65836	0.51589	0.53731	0.057107	0.020783	0.038946	0.036443	0.0032612	0.00043192	0.0015168	0.0013281	-0.467	13.939	14.111	0.32959	-17.627	-18.531	-33.84	42.535	-0.14806	-3.742	3.8284	-0.30256	0.33018	2.4652	2.0069	0.37954	0.10902	6.0771	4.0275	0.14405
242.23	395.19	739.55	368.05	497.32	27.137	498.06	2637.9	3009.4	155.88	29.859	545.6	1159.6	2873	2.3574	37.505	0.40055	0.12267	0.094753	3.6854	9.7163	10.394	0.16972	2.916	0.040351	0.20566	0.086276	0.11717	0.23285	0.21009	0.0074436	0.013728	0.05422	0.04414	2.2047	147.63	158.22	176.14	-0.084843	0.16462	0.6148	0.67714	0.6506	10.866	11.659	12.629	0.10569	0.34615	0.61688	0.68197	0.011171	0.11982	0.38054	0.46508	1.003	126.37	210.91	214.35	0.16263	3.5537	9.2245	9.8875	0.39127	-9.3552	-14.423	-14.596	0.051908	0.20279	0.51014	0.53714	0.0026945	0.041124	0.26024	0.28852	0.90267	15.142	16.619	-0.55114	0.18326	3.5442	9.1406	9.8067	0.79345	3.6674	-3.8335	-0.029792	0.062496	0.13485	0.057572	0.000000676	0.0039058	0.018184	0.0033145	4.57E-13	0.33811	1.9752	5.7743	1.6785	0.011356	0.00044032	-0.0020186	0.042215	0.35867	0.30006	1.9347	1.3234	0.042216	0.011501	0.023549	0.028581	0.0017822	0.00013227	0.00055457	0.00081688	-0.28647	13.091	-0.29221	-0.2606	-17.288	-15.318	-35.27	42.165	-0.27623	-3.137	-0.032625	-0.11558	0.32326	0.52463	0.44931	0.42364	0.1045	0.27523	0.20188	0.17947
191.38	384.92	755.25	344.28	563.87	40.646	565.33	3721.4	3580.3	161.53	38.588	602.16	1373.6	2805	-0.0017375	-0.42926	-0.46641	-0.00059835	5.0863	2.3041	8.7786	10.418	-0.3157	0.1664	0.12761	0.059404	0.27982	0.31464	0.47921	0.35219	0.078298	0.098996	0.22964	0.12404	7.2241	-0.42153	0.95491	7.2785	0.72669	-0.11534	0.39229	1.1408	2.7256	-0.075755	-0.74187	2.6437	0.98888	0.39724	0.59158	0.93646	0.97789	0.1578	0.34996	0.87696	10.854	2.0526	2.0775	3.6219	4.505	2.3964	8.4647	9.9151	-3.3535	1.2661	1.3065	-1.2525	0.73575	0.23123	0.19113	0.092075	0.54132	0.053469	0.03653	0.0084779	10.235	2.3648	5.876	0.097145	4.3609	2.4172	8.3845	9.8067	-3.3007	1.5302	2.5598	0.081702	0.93745	0.27579	0.24116	0.000000751	0.87881	0.076058	0.058159	5.65E-13	0.64689	0.22044	-1.047	0.29951	0.011781	0.015194	-0.0000372	0.1257	0.23716	-0.15352	0.030768	0.73616	0.084176	0.091586	0.064498	0.06459	0.0070856	0.008388	0.00416	0.0041719	15.911	4.5996	11.128	3.6067	-33.411	-12.032	-25.635	43.91	3.984	-1.8447	-2.8222	-1.8627	2.6919	0.70824	1.6652	0.77117	7.2462	0.50161	2.773	0.5947
639.26	407.46	1198.7	356.78	559.44	50.675	561.73	3386.2	2871.7	155.74	20.926	592.1	1179.8	2910	46.664	2.176	9.2521	9.9974	-0.16902	2.4764	10.094	10.397	4.9349	-0.78544	2.0654	2.1565	0.12624	0.13156	0.39044	0.36841	0.015937	0.017308	0.15245	0.13573	8.32	0.50822	6.6094	6.9132	-0.25145	0.24058	0.60115	0.92352	-3.0465	-0.36894	1.7156	2.7247	0.97601	0.16326	0.4119	0.88136	0.95259	0.026654	0.16966	0.77679	9.5693	-0.3349	12.891	7.1144	0.032141	2.2839	9.6126	9.9154	3.2128	-0.80444	-2.8743	1.3194	0.8152	0.10884	0.16926	0.081962	0.66455	0.011846	0.028649	0.0067178	8.7093	-0.245	18.949	-0.073911	0.098272	2.2317	9.4917	9.8067	3.0932	-0.84278	-4.2943	-0.16863	1.02	0.12519	0.18323	0.000000765	1.0405	0.015674	0.033575	5.85E-13	7.9962	5.626	0.022872	16.292	0.017355	-0.0049191	0.00071151	0.081032	1.8577	-1.4819	0.44304	3.503	0.097334	0.047352	0.027944	0.079023	0.0094738	0.0022422	0.00078087	0.0062446	14.199	4.5966	14.15	6.0348	-15.843	-10.296	-36.87	41.6	-3.8231	-1.6607	3.8032	1.8592	3.2467	0.36101	1.9304	0.45356	10.541	0.13033	3.7265	0.20572
403.34	444.27	986.8	393	583.45	51.265	585.7	3502.5	2822.5	181.94	44.904	650.32	1298.9	2857	-0.61169	0.50615	1.5093	1.291	-0.59556	-2.1082	10.121	10.37	-0.42769	0.38312	0.84601	0.77632	0.40342	0.39807	0.29839	0.30978	0.16275	0.15846	0.089037	0.095966	2.8997	4.505	1.0696	5.8774	0.054115	-0.55165	0.50365	1.0189	-1.6075	-2.0443	0.76685	2.3821	0.30604	1.0046	0.31426	0.84996	0.093659	1.0092	0.098759	0.72243	-0.7591	9.1377	0.61644	0.85283	-0.63885	-1.6669	9.718	9.9085	0.088424	3.0269	0.34305	0.42088	0.33003	0.66819	0.063376	0.069805	0.10892	0.44648	0.0040166	0.0048727	-0.78197	9.6309	3.9396	-0.35377	-0.65952	-1.5696	9.6171	9.8067	0.1582	3.1203	1.9036	-0.19843	0.3438	0.81466	0.049329	0.000000819	0.1182	0.66368	0.0024333	6.71E-13	4.8092	11.235	-0.64833	17.045	0.004774	-0.069336	-0.027148	0.16135	-1.2734	-2.7739	-0.13409	3.7505	0.11895	0.14849	0.069616	0.14332	0.014148	0.022051	0.0048464	0.02054	-0.74354	12.709	6.5088	13.397	-11.138	3.3125	-34.626	36.639	0.0063984	-3.4386	-2.3594	3.2768	1.6446	2.4763	0.70736	0.92388	2.7047	6.1322	0.50036	0.85356
399.69	381.91	934.23	352.24	534.55	29.673	535.37	2789.6	2567.5	165.35	40.023	635.13	1190.3	2783	0.39591	1.8696	-0.54901	-0.46992	0.87187	5.3357	8.8497	10.383	-0.57884	-0.38356	-0.29023	-0.29015	0.31575	0.34147	0.47346	0.43443	0.099696	0.1166	0.22416	0.18873	0.0011379	7.3692	-0.4898	7.8236	0.091756	1.0729	0.20398	1.3942	-0.43682	2.8067	-0.54804	2.898	0.28002	1.6245	0.63156	1.5397	0.078409	2.6391	0.39887	2.3708	2.0659	8.5939	2.3425	2.2426	0.79847	4.4774	8.6865	9.8908	-1.0504	-3.0618	1.7685	-1.3224	0.19146	1.2602	0.29496	0.13087	0.036656	1.5881	0.087001	0.017126	4.609	8.4939	3.075	-0.28151	0.78755	4.2644	8.6455	9.8067	-1.5284	-3.0538	2.1054	0.039935	0.18673	1.5677	0.36396	0.000000784	0.034867	2.4577	0.13246	6.15E-13	1.1444	-0.57796	-0.088956	2.6894	-0.022512	-0.015499	0.013571	0.17806	-0.40456	-0.16593	-0.089532	1.2626	0.095337	0.16008	0.065965	0.090726	0.0090891	0.025627	0.0043514	0.0082312	2.1469	14.766	7.9988	8.6671	-18.662	-20.476	-30.71	41.587	1.0871	3.8555	-2.3183	-3.0753	0.87047	4.4159	0.56384	1.2701	0.75771	19.5	0.31792	1.6132
325.41	414.77	851.52	396.13	526.11	18.642	526.44	2461.4	3276.9	168.05	19.342	545.58	1393.7	2857	0.31079	0.56115	2.3617	6.1886	-1.3644	-5.2802	8.7455	10.333	0.3938	0.194	0.47321	-0.18034	0.27654	0.60022	0.50873	0.37565	0.076475	0.36026	0.25881	0.14112	2.577	7.3909	1.6157	7.114	-0.3512	-1.1013	0.18455	1.527	-1.76	-2.8386	-1.2133	2.8191	0.67012	2.22	0.71121	2.2177	0.44905	4.9285	0.50582	4.918	4.8336	8.4093	0.32176	10.688	-1.0834	-4.3992	8.5979	9.855	2.3839	2.9489	0.9411	-3.0498	0.44053	1.5594	0.31494	0.20452	0.19406	2.4318	0.099185	0.041829	5.2834	9.0329	2.3032	-0.19819	-1.0232	-4.2114	8.5503	9.8067	2.5218	3.1027	1.5643	-0.14635	0.55056	1.9584	0.387	0.000000721	0.30312	3.8354	0.14977	5.2E-13	0.55208	9.7533	-0.45468	4.5963	0.076826	-0.019821	-0.012272	0.15225	-0.36579	-1.8324	0.22245	1.5723	0.082303	0.082759	0.092928	0.074106	0.0067738	0.006849	0.0086356	0.0054918	12.718	12.692	-0.80147	8.7733	-9.649	15.321	-28.972	34.799	-3.4766	-3.4842	0.17374	-0.11341	1.8673	6.3035	1.3948	1.0672	3.4867	39.734	1.9454	1.139
289.43	471.46	789.23	436.95	499.8	34.511	500.99	1704.5	2814.4	151.28	31.337	573.95	1160.5	2940	-0.74005	1.7134	2.3836	2.1772	-5.1901	0.16533	8.7428	10.196	-0.2662	0.058152	1.0063	0.73763	0.54428	0.34466	0.58816	0.44531	0.29624	0.11879	0.34593	0.19831	9.4013	8.7416	1.346	10.796	0.021729	0.19973	0.54912	1.1785	-3.0737	2.9324	-0.34879	3.3069	1.0031	0.94064	0.56719	1.0778	1.0063	0.8848	0.3217	1.1617	5.6305	10.661	-0.10557	2.2702	-5.2075	0.0055451	8.3035	9.8665	2.056	-3.3376	0.4336	-0.41185	0.75218	0.79281	0.32549	0.11124	0.56578	0.62854	0.10594	0.012375	6.7182	9.1695	-0.96323	-0.35757	-5.1848	-0.060236	8.2005	9.8067	2.4422	-3.1793	0.28326	-0.14688	0.94886	1.0133	0.33507	0.000000743	0.90033	1.0268	0.11227	5.52E-13	0.17084	11.456	0.064458	16.803	0.012058	-0.10742	-0.016109	0.21071	-0.12738	-2.3729	-0.30661	3.3499	0.10983	0.16619	0.11124	0.13979	0.012063	0.027621	0.012373	0.019542	5.4218	14.116	-0.62394	2.7146	7.8561	-0.74961	-34.768	35.938	-1.8806	3.7498	0.43271	-1.4856	3.5791	2.6355	1.1702	0.72038	12.81	6.9456	1.3694	0.51895
382.22	367.62	816.48	378.48	434.26	10.855	434.39	2306.3	2493.5	149.53	12.059	551.39	1016.7	2676	-0.35898	0.41282	0.86476	0.8594	0.16179	0.056278	10.333	10.335	-0.07153	0.2357	0.36099	0.35798	0.020993	0.020072	0.030041	0.030004	0.00044072	0.0004029	0.00090248	0.00090024	0.76559	0.43938	0.85938	1.5361	0.12818	0.15473	0.5278	0.57694	0.654	1.0072	0.35109	0.84231	0.056123	0.1093	0.029832	0.044581	0.0031498	0.011946	0.00088993	0.0019875	0.98569	0.38116	0.72941	0.85488	0.059248	-0.067508	9.911	9.9118	-0.98511	-0.95374	0.26342	0.36637	0.038483	0.085229	0.0063944	0.0060694	0.0014809	0.007264	0.0000409	0.0000368	3.5477	0.35173	3.9443	-0.54781	0.033971	-0.099257	9.8053	9.8067	0.30784	-1.0462	-2.1171	-0.14258	0.054184	0.11267	0.0020819	0.0000008	0.0029359	0.012694	0.00000433	6.4E-13	0.17916	0.10214	0.35912	0.25318	0.0081477	0.0015246	-0.01219	0.016484	0.11031	-0.087312	-0.26019	0.26076	0.0041227	0.0059289	0.0042102	0.0039171	0.000017	0.0000352	0.0000177	0.0000153	3.2092	5.8991	-0.64684	-0.42338	-13.335	-0.60038	-32.528	35.165	-0.82342	-1.9679	-0.012471	-0.015579	0.35951	0.36864	0.31976	0.23419	0.12925	0.13589	0.10224	0.054845
367.24	416.47	753.36	384.91	386.12	31.561	387.41	1640.8	1978.9	110.85	19.395	349.47	840.5	2921	0.1507	3.1978	-0.28395	-0.27587	0.15608	0.061442	10.334	10.335	-0.20291	0.57782	0.2033	0.21196	0.023428	0.026539	0.025861	0.0258	0.00054885	0.00070431	0.00066881	0.00066567	-0.68975	4.3804	-0.28299	2.3501	0.085544	0.034375	0.52799	0.54764	0.1068	2.1757	0.22209	1.2499	0.047407	0.10585	0.025654	0.037424	0.0022474	0.011204	0.00065812	0.0014005	-0.83128	6.0972	-0.20903	-0.24975	0.087645	0.033942	9.9114	9.9122	-0.38334	-2.5391	0.057308	0.15965	0.031556	0.080577	0.0054318	0.0052325	0.00099576	0.0064927	0.0000295	0.0000274	-0.95294	8.6474	22.108	-0.64339	0.071561	0.036051	9.8058	9.8067	-0.39798	-2.9359	-4.5377	-0.077663	0.038868	0.089662	0.0010086	0.000000689	0.0015107	0.0080392	0.00000102	4.75E-13	-0.076596	0.28322	-0.15184	-0.38437	0.0085131	0.00097051	-0.012253	0.016381	-0.009118	-0.34949	-0.040457	-0.060085	0.0041539	0.0052969	0.0039586	0.0040145	0.0000173	0.0000281	0.0000157	0.0000161	-0.39143	-0.8023	-0.80867	-0.78246	-13.262	-0.93149	-32.815	35.408	0.19943	0.070848	-0.0061929	0.081866	0.26089	0.25833	0.28198	0.29692	0.068061	0.066733	0.079512	0.088163
330.6	440.89	719.73	413.52	389.13	27.373	390.09	2532.8	2349.2	125.15	12.169	462.3	993.46	2686	-0.034942	0.29266	-0.53991	-0.54436	0.15784	0.052672	10.339	10.341	-0.034211	0.11135	0.063548	0.069121	0.02095	0.022447	0.029901	0.029911	0.00043889	0.00050386	0.0008941	0.00089464	0.086294	2.1369	-0.52804	0.019685	0.18214	0.088976	0.53346	0.58045	-0.56726	1.5588	0.066729	0.30574	0.056361	0.093982	0.030045	0.039881	0.0031766	0.0088326	0.0009027	0.0015905	0.36933	2.3952	-0.5323	-0.56231	0.012125	-0.018508	9.9127	9.9131	0.86048	-1.7237	0.061322	0.069282	0.041338	0.072242	0.0059623	0.0059718	0.0017089	0.0052188	0.0000355	0.0000357	0.26976	2.3949	11.639	-0.48383	-0.024236	-0.038756	9.806	9.8067	0.79679	-1.7079	-3.3541	-0.084125	0.052202	0.092737	0.0012893	0.000000708	0.002725	0.0086002	0.00000166	5.01E-13	0.21989	-0.21249	-0.27964	-0.18203	0.0085264	0.00065642	-0.012125	0.016397	-0.12687	-0.037377	0.073109	-0.080141	0.004169	0.0054016	0.0040311	0.0037419	0.0000174	0.0000292	0.0000163	0.000014	1.1207	4.5829	-0.95348	-0.18115	-12.348	0.17463	-32.994	35.232	-0.66159	-1.4502	-0.047384	0.077192	0.37398	0.22695	0.27591	0.30193	0.13986	0.051508	0.076129	0.091163
415.79	435.41	845.03	376.59	429.24	58.816	433.25	1388.7	2507.7	152.36	15.533	422.64	1171	2526	0.16628	1.0081	19.469	19.508	0.15244	0.051218	10.339	10.34	0.12565	0.32482	-0.67824	-0.64903	0.029363	0.027236	0.077599	0.077541	0.0008622	0.00074182	0.0060216	0.0060126	0.15395	4.73	19.439	11.196	0.096308	0.050358	0.53347	0.5612	0.26013	2.2843	-0.66572	2.1663	0.066483	0.11933	0.077568	0.077603	0.0044199	0.014239	0.0060168	0.0060222	0.57112	5.4521	19.129	19.378	0.075395	0.010931	9.9124	9.9132	-0.49329	-2.4972	-0.71898	-0.72826	0.04519	0.091724	0.015627	0.015546	0.0020422	0.0084134	0.00024419	0.00024167	0.60843	6.7838	15.078	-0.35365	0.058135	0.0080742	9.8057	9.8067	-0.4787	-2.7267	-3.8112	-0.2023	0.057485	0.10481	0.001587	0.000000671	0.0033045	0.010985	0.00000252	4.5E-13	-0.028591	0.31187	0.14947	-0.019106	0.0079975	0.0015649	-0.012334	0.016375	0.030648	-0.26015	-0.080987	0.08906	0.0042467	0.0055578	0.0041352	0.0040379	0.000018	0.0000309	0.0000171	0.0000163	-0.55441	-0.60123	-0.45245	0.4869	-12.456	0.26656	-32.956	35.235	0.21624	0.22926	0.21223	-0.37544	0.35261	0.19084	0.2396	0.22616	0.12434	0.036419	0.05741	0.05115
409.89	446.32	911.34	407.56	501.45	38.758	502.95	3492.7	2954.2	161.2	34.149	543.98	1206.4	2700	6.7606	-0.42943	4.1892	4.2582	0.15184	0.055846	10.34	10.341	-1.4595	0.011025	-1.0809	-1.0913	0.025969	0.023276	0.03362	0.033626	0.00067438	0.00054177	0.0011303	0.0011307	1.3442	7.2354	171.31	171.11	-0.037193	-0.021675	0.5929	0.60513	0.46439	2.6011	13.075	13.064	0.054241	0.094572	0.75146	0.75081	0.002942	0.0089439	0.5647	0.56371	3.1861	8.1638	171.96	171.96	0.18159	0.073186	9.8656	9.8678	-0.96426	-2.7804	-13.112	-13.112	0.039449	0.070295	0.59744	0.5976	0.0015563	0.0049414	0.35694	0.35713	2.4437	8.2022	0.43009	-0.54748	0.19107	0.075927	9.804	9.8067	-0.94545	-2.7865	-0.52935	-0.012737	0.050632	0.088566	0.00084629	0.000000703	0.0025636	0.0078439	0.000000716	4.95E-13	-0.26276	0.95908	0.049993	-0.021013	0.0082206	0.0021501	-0.012148	0.01637	0.092379	-0.0112	-0.13493	0.17108	0.0041062	0.0056831	0.0040036	0.0041075	0.0000169	0.0000323	0.000016	0.0000169	-0.71297	2.1525	-0.4138	-0.38151	-13.112	-0.76107	-32.84	35.371	-0.04946	0.78513	-0.38553	0.2749	0.36898	0.28126	0.33103	0.39707	0.13614	0.079107	0.10958	0.15766
423.28	458.89	901.2	398.83	477.91	60.055	481.67	2396.3	2870.7	157.81	16.594	465.5	1205.8	2773	0.62523	0.045703	0.0015511	0.0029738	0.15301	0.053049	10.343	10.344	0.22813	-0.18767	-0.1215	-0.11937	0.023324	0.025936	0.034113	0.034103	0.00054403	0.00067269	0.0011637	0.001163	0.84287	5.9714	0.044747	6.1059	-0.051236	0.07604	0.539	0.56127	-0.38788	2.2934	-0.13922	2.0405	0.048504	0.12829	0.034091	0.061525	0.0023527	0.016458	0.0011622	0.0037853	0.85938	7.0059	0.32127	-0.046638	0.194	-0.0077827	9.9114	9.9139	0.25607	-2.5775	-0.35597	-0.11219	0.038716	0.097163	0.0074358	0.0068902	0.0014989	0.0094407	0.0000553	0.0000475	0.93936	5.809	11.315	-0.46918	0.20473	-0.028137	9.8035	9.8067	0.3492	-2.43	-3.3978	0.045093	0.04584	0.13211	0.003545	0.000000717	0.0021013	0.017453	0.0000126	5.14E-13	-0.065505	1.7382	-0.095294	0.10681	0.0084606	0.0016242	-0.012201	0.01651	-0.063459	-0.56021	-0.07869	0.13561	0.0040785	0.005707	0.0041626	0.0041124	0.0000166	0.0000326	0.0000173	0.0000169	-0.52651	-1.0099	-1.1288	-1.0513	-13.322	-0.84128	-32.83	35.442	0.26268	0.059649	0.097989	-0.22572	0.24893	0.24702	0.31135	0.32017	0.061969	0.061018	0.096941	0.10251
365.41	441.36	859.84	411.4	494.43	29.968	495.34	2818.3	2639.1	164.81	56.124	550.38	1145.9	2682	1.3739	0.37064	19.234	19.202	0.15821	0.059157	10.338	10.34	-0.10294	-0.3313	1.2739	1.263	0.047094	0.037441	0.08476	0.084775	0.0022179	0.0014018	0.0071842	0.0071868	0.91308	4.9435	19.275	14.216	-0.0036358	0.044808	0.53349	0.54808	-0.38725	1.9971	1.2843	1.9514	0.053947	0.10526	0.084735	0.085602	0.0029103	0.011079	0.00718	0.0073277	-0.15109	6.1941	18.786	19.105	0.16112	0.023311	9.9115	9.9131	0.30705	-2.554	1.2153	1.2503	0.027878	0.079503	0.017029	0.016964	0.00077717	0.0063208	0.00028997	0.00028777	-0.2864	7.2661	13.374	-0.5754	0.16192	0.014121	9.8047	9.8067	-0.029066	-2.7764	-3.5394	-0.10127	0.03199	0.1013	0.0016609	0.000000683	0.0010234	0.010261	0.00000276	4.66E-13	0.24196	0.09262	0.14163	-0.0402	0.0083096	0.0019244	-0.012561	0.01682	0.046869	-0.12844	0.050286	-0.015898	0.0042859	0.0056419	0.00481	0.0045671	0.0000184	0.0000318	0.0000231	0.0000209	-0.7451	0.51889	0.17854	-0.22473	-13.16	-0.91822	-32.67	35.235	0.40972	-0.12928	-0.5095	0.25903	0.28274	0.29415	0.29936	0.32299	0.079943	0.086522	0.089617	0.10433
411.49	435.05	776.42	408.03	364.94	27.019	365.94	1425.8	2007.4	117.8	32.89	377.74	981.62	2694	4.166	22.964	32.265	32.198	0.1594	0.0641	10.344	10.346	0.66254	3.0974	-1.4472	-1.4322	0.026339	0.031157	0.14314	0.14326	0.00069373	0.00097074	0.02049	0.020525	7.4925	6.5357	31.769	34.242	-0.024397	0.05524	0.53982	0.56333	-2.6074	2.5488	-1.2492	5.5767	0.093479	0.080692	0.14329	0.11555	0.0087384	0.0065112	0.020531	0.013352	6.8288	5.9361	34.13	32.695	0.17892	0.019908	9.9123	9.9143	2.5689	-2.499	-2.2215	-1.609	0.068586	0.053477	0.028645	0.028595	0.0047041	0.0028597	0.00082051	0.00081765	7.8648	5.0739	12.513	-0.64925	0.18073	0.010777	9.8044	9.8067	2.655	-2.3314	-3.4429	-0.026025	0.079655	0.067632	0.0027791	0.000000676	0.006345	0.0045741	0.00000772	4.57E-13	0.16665	0.32217	-0.4682	-0.24235	0.0081587	0.001422	-0.012179	0.016167	0.15086	0.014781	-0.17524	0.12553	0.0040973	0.0052777	0.0040671	0.0040786	0.0000168	0.0000279	0.0000165	0.0000166	1.0878	-0.84069	-0.27896	-0.36424	-13.227	-0.85772	-32.834	35.411	-0.90564	0.17144	-0.15061	0.32682	0.30606	0.20496	0.21783	0.23522	0.093672	0.042008	0.047451	0.055328
400.81	468.86	859.96	396.35	459.15	72.502	464.84	2116.1	2160.1	149.74	4.9539	496.18	941.19	3034	-0.46858	-0.24559	0.91322	0.913	0.1554	0.059729	10.341	10.343	0.055457	0.00017786	-0.41939	-0.41206	0.021999	0.024375	0.030048	0.030031	0.00048394	0.00059413	0.00090288	0.00090188	10.869	8.4072	189.32	188.23	-0.013017	0.017269	0.58863	0.60008	-3.1816	2.6095	13.747	13.689	0.09202	0.071913	0.71272	0.71303	0.0084676	0.0051715	0.50798	0.50841	11.75	10.079	189.95	189.96	0.16581	0.045914	9.8706	9.8725	3.3474	-3.0948	-13.781	-13.782	0.069414	0.057811	0.56891	0.56902	0.0048183	0.0033421	0.32366	0.32378	11.75	9.2066	16.95	-0.50469	0.17204	0.039645	9.8044	9.8067	3.3553	-2.9566	-4.1034	0.0071267	0.089267	0.073072	0.0034671	0.000000689	0.0079686	0.0053395	0.000012	4.75E-13	-0.0012692	0.034376	-0.24886	0.34447	0.0083446	0.00069693	-0.012563	0.016517	-0.020953	0.0030025	0.060251	-0.0054839	0.0043773	0.0051457	0.003968	0.0040523	0.0000192	0.0000265	0.0000157	0.0000164	-0.24901	-0.3607	-0.23829	-0.55719	-13.162	-0.84331	-32.858	35.408	-0.093942	0.25923	0.14112	-0.26975	0.20223	0.22525	0.30345	0.31376	0.040897	0.050739	0.092084	0.098448
345.82	426.97	873.53	375.94	527.7	51.029	530.17	2152.9	2492.4	159.91	26.651	540.13	1052.8	2684	-0.22352	-0.27248	0.30607	-0.22808	-5.372	0.47428	8.5995	10.166	-0.37314	0.40843	-0.46786	-0.40799	0.42973	0.31293	0.38106	0.32122	0.18467	0.097927	0.14521	0.10318	7.7811	1.4544	3.1398	9.1703	-0.052416	0.14977	0.47822	1.2786	-2.8969	0.90061	-1.9431	3.1239	1.4121	0.3907	0.72974	1.1366	1.9941	0.15265	0.53252	1.292	8.9327	0.31636	4.1763	2.7274	-5.33	0.35446	8.2169	9.8566	2.9914	0.50064	1.9235	-1.3592	0.97461	0.13535	0.38155	0.088783	0.94986	0.018318	0.14558	0.0078824	8.7642	0.96394	4.5126	-0.28968	-5.329	0.31864	8.1109	9.8067	3.058	-0.52342	2.1916	-0.16287	1.2645	0.17147	0.50863	0.000000767	1.5989	0.029402	0.2587	5.88E-13	0.64701	2.1081	0.14362	2.3059	-0.0024556	-0.057401	-0.011632	0.137	-0.6902	-0.62127	-0.17368	1.5316	0.079723	0.11896	0.056443	0.091248	0.0063558	0.014151	0.0031858	0.0083261	13.64	0.75762	-0.65849	2.2753	10.007	0.9351	-32.927	34.674	-3.397	-1.1247	0.82307	-1.4078	4.0434	0.60897	0.88235	0.55238	16.349	0.37084	0.77855	0.30512
